Title,UserEmail,UserDisplayName,FirstName,LastName,PreferredFirstName,UserDepartment,UserJobTitle,PrimaryAreaIDs,SecondaryAreaIDs,ManagerDisplayName,ManagerEmail,ManagerDepartment,ManagerJobTitle
John Smith,john.smith@company.com,John Smith,John,Smith,Johnny,Sales,Sales Engineer,A01;A02,B01,Jane Manager,jane.manager@company.com,Sales,Regional Manager
Jane Manager,jane.manager@company.com,Jane Manager,Jane,Manager,,Sales,Regional Manager,B01;B02;B03,,Tom Director,tom.director@company.com,Executive,Sales Director
Bob Wilson,bob.wilson@company.com,Bob Wilson,Robert,Wilson,Bob,Technical,Support Engineer,C06,A03;A04,Jane Manager,jane.manager@company.com,Sales,Regional Manager
Sarah Lee,sarah.lee@company.com,Sarah Lee,Sarah,Lee,,Marketing,Marketing Specialist,A02;A03,B02;B03,Tom Director,tom.director@company.com,Executive,Sales Director
Tom Director,tom.director@company.com,Tom Director,Thomas,Director,Tom,Executive,Sales Director,A01;B01;C06,,,,,
Mike Johnson,mike.johnson@company.com,Mike Johnson,Mike,Johnson,,Technical,Field Engineer,C03;C07,A06,Jane Manager,jane.manager@company.com,Sales,Regional Manager
